State,ReleaseDay,TotalWeeklyNewFullProtect
Alabama,-38,33923
Alabama,-31,16961
Alabama,-24,15548
Alabama,-17,31096
Alabama,-10,22615
Alabama,-3,40990
Alabama,4,139031
Alabama,11,51197
Alabama,18,35373
Alabama,25,22606
Alabama,32,115198
Alabama,39,29770
Alabama,46,254
Alabama,53,7109
Alabama,60,9894
Alabama,67,84764
Alabama,74,8340
Alabama,81,3032
Alabama,88,19788
Alabama,95,13885
Alabama,102,1848
Alabama,109,13571
Alabama,123,29893
Alabama,137,4193
Alabama,151,17860
Alabama,165,413
Alabama,172,47
Alabama,186,11857
Alaska,-38,5600
Alaska,-24,1999
Alaska,-17,2600
Alaska,-10,6600
Alaska,-3,1200
Alaska,4,28755
Alaska,11,5068
Alaska,18,3551
Alaska,25,19399
Alaska,32,8285
Alaska,39,4471
Alaska,46,4
Alaska,53,401
Alaska,67,14033
Alaska,74,1660
Alaska,88,798
Alaska,95,4797
Alaska,102,600
Alaska,109,511
Alaska,123,6765
Alaska,137,1580
Alaska,151,2600
Alaska,158,999
Alaska,165,200
Alaska,186,4497
Arizona,-38,36764
Arizona,-24,46975
Arizona,-17,26552
Arizona,-10,136842
Arizona,-3,40849
Arizona,4,137147
Arizona,11,26024
Arizona,18,39977
Arizona,25,26552
Arizona,32,286332
Arizona,39,14297
Arizona,46,36156
Arizona,53,33001
Arizona,60,32698
Arizona,67,73545
Arizona,74,4285
Arizona,95,50126
Arizona,109,8385
Arizona,123,77830
Arizona,130,8170
Arizona,137,4270
Arizona,151,27384
Arizona,186,29625
Arkansas,-38,10052
Arkansas,-24,30992
Arkansas,-17,15078
Arkansas,-10,13402
Arkansas,-3,30155
Arkansas,4,56384
Arkansas,11,20270
Arkansas,18,60982
Arkansas,25,29303
Arkansas,32,88109
Arkansas,39,21940
Arkansas,46,8531
Arkansas,53,8835
Arkansas,67,64738
Arkansas,81,15140
Arkansas,95,15077
Arkansas,102,838
Arkansas,109,1242
Arkansas,116,2513
Arkansas,123,14542
Arkansas,137,12748
Arkansas,151,4166
Arkansas,172,5452
Arkansas,186,13977
California,-38,384474
California,-31,21969
California,-24,98865
California,-17,571218
California,-10,186744
California,-3,318564
California,4,1449571
California,11,474552
California,18,241669
California,25,613861
California,32,634998
California,39,352320
California,46,59430
California,53,236443
California,67,616271
California,74,806
California,81,166555
California,88,32954
California,95,255222
California,102,106764
California,109,15454
California,116,43940
California,123,374396
California,130,110473
California,137,43940
California,151,197473
California,158,53439
California,186,248166
Colorado,-38,52645
Colorado,-24,21387
Colorado,-17,36194
Colorado,-10,41129
Colorado,-3,21387
Colorado,4,256367
Colorado,11,126093
Colorado,18,55787
Colorado,25,23156
Colorado,32,169133
Colorado,39,19742
Colorado,46,39956
Colorado,53,70642
Colorado,67,98026
Colorado,74,14996
Colorado,81,9091
Colorado,88,4936
Colorado,95,17474
Colorado,102,14170
Colorado,109,4801
Colorado,123,32903
Colorado,137,8226
Colorado,144,4935
Colorado,151,18316
Colorado,186,11939
Colorado,200,3291
Connecticut,-38,27841
Connecticut,-24,1032
Connecticut,-17,17529
Connecticut,4,241364
Connecticut,18,14550
Connecticut,25,27512
Connecticut,32,246685
Connecticut,39,61112
Connecticut,46,61379
Connecticut,53,36641
Connecticut,67,15113
Connecticut,74,24748
Connecticut,81,14436
Connecticut,95,16902
Connecticut,109,532
Connecticut,123,12083
Connecticut,151,7374
Connecticut,186,12697
Delaware,-38,2864
Delaware,-31,1718
Delaware,-24,7732
Delaware,-17,4868
Delaware,-10,4009
Delaware,-3,10596
Delaware,4,38295
Delaware,11,16323
Delaware,18,20103
Delaware,25,7576
Delaware,32,27986
Delaware,39,6587
Delaware,46,7842
Delaware,53,5750
Delaware,60,1145
Delaware,67,10246
Delaware,74,2883
Delaware,81,5868
Delaware,95,784
Delaware,123,7969
Delaware,130,595
Delaware,151,6384
Delaware,158,573
Delaware,186,4506
Delaware,200,286
District of Columbia,-38,4918
District of Columbia,-31,2557
District of Columbia,-24,5508
District of Columbia,-17,4130
District of Columbia,-10,7278
District of Columbia,-3,5115
District of Columbia,4,27304
District of Columbia,11,10208
District of Columbia,18,13972
District of Columbia,25,6990
District of Columbia,32,20588
District of Columbia,39,5674
District of Columbia,46,3197
District of Columbia,53,3721
District of Columbia,60,1357
District of Columbia,67,14733
District of Columbia,74,1180
District of Columbia,81,1898
District of Columbia,88,1135
District of Columbia,95,3965
District of Columbia,102,394
District of Columbia,109,393
District of Columbia,116,197
District of Columbia,123,5501
District of Columbia,130,393
District of Columbia,137,916
District of Columbia,144,197
District of Columbia,151,4711
District of Columbia,158,196
District of Columbia,186,7475
District of Columbia,193,393
Florida,-38,57100
Florida,-24,190334
Florida,-10,247434
Florida,-3,145923
Florida,4,736150
Florida,11,76134
Florida,18,241089
Florida,25,57100
Florida,32,347236
Florida,39,31809
Florida,46,50755
Florida,53,182507
Florida,67,316033
Florida,74,101512
Florida,81,6631
Florida,95,50585
Florida,102,5114
Florida,109,747
Florida,123,177222
Florida,151,109650
Florida,158,13618
Florida,172,85
Florida,179,12689
Florida,186,63444
Florida,200,940
Georgia,-38,74525
Georgia,-24,86448
Georgia,-17,26829
Georgia,-10,146068
Georgia,4,255720
Georgia,11,61814
Georgia,18,187137
Georgia,25,104335
Georgia,32,172991
Georgia,39,34758
Georgia,46,115536
Georgia,53,8943
Georgia,67,112306
Georgia,74,2986
Georgia,81,159
Georgia,88,20867
Georgia,95,100566
Georgia,102,17804
Georgia,123,69018
Georgia,130,8943
Georgia,137,2981
Georgia,144,23848
Georgia,151,26886
Georgia,158,4560
Georgia,172,6691
Georgia,179,5962
Georgia,186,34542
Hawaii,-38,17300
Hawaii,-31,3707
Hawaii,-24,11533
Hawaii,-17,14828
Hawaii,-10,20595
Hawaii,-3,12357
Hawaii,4,46127
Hawaii,11,10249
Hawaii,18,13316
Hawaii,25,12768
Hawaii,32,39609
Hawaii,39,14677
Hawaii,46,6268
Hawaii,53,6423
Hawaii,60,2472
Hawaii,67,11574
Hawaii,74,5850
Hawaii,81,2530
Hawaii,95,15160
Hawaii,102,3218
Hawaii,109,548
Hawaii,123,8785
Hawaii,130,1236
Hawaii,137,2057
Hawaii,144,2471
Hawaii,151,6573
Hawaii,158,1236
Hawaii,186,6590
Hawaii,193,412
Idaho,-38,11327
Idaho,-17,9267
Idaho,-10,6693
Idaho,-3,9267
Idaho,4,50100
Idaho,11,25760
Idaho,18,10047
Idaho,32,68190
Idaho,46,2142
Idaho,53,10409
Idaho,67,45738
Idaho,74,1204
Idaho,81,4150
Idaho,95,12058
Idaho,102,2060
Idaho,109,4119
Idaho,123,5171
Idaho,137,515
Idaho,144,1545
Idaho,151,5474
Idaho,186,4231
Idaho,200,1671
Illinois,-38,67605
Illinois,-31,3558
Illinois,-24,67605
Illinois,-17,67605
Illinois,-10,96070
Illinois,-3,138769
Illinois,4,415501
Illinois,11,178489
Illinois,18,210190
Illinois,25,119658
Illinois,32,288743
Illinois,39,49062
Illinois,46,47754
Illinois,53,43271
Illinois,60,144309
Illinois,67,148241
Illinois,74,9871
Illinois,81,17954
Illinois,88,106361
Illinois,95,24234
Illinois,102,17898
Illinois,109,34685
Illinois,123,56931
Illinois,130,4541
Illinois,137,10674
Illinois,144,14233
Illinois,151,34996
Illinois,158,6388
Illinois,165,8693
Illinois,172,3558
Illinois,186,54441
Illinois,193,1050
Illinois,200,102
Illinois,207,29752
Indiana,-38,43186
Indiana,-31,11266
Indiana,-24,5633
Indiana,-17,22531
Indiana,-10,20654
Indiana,-3,13144
Indiana,4,318645
Indiana,11,48819
Indiana,18,98446
Indiana,25,131767
Indiana,32,84622
Indiana,39,28165
Indiana,46,11705
Indiana,53,24823
Indiana,60,17536
Indiana,67,125746
Indiana,74,26808
Indiana,81,17392
Indiana,95,15095
Indiana,102,3755
Indiana,109,3846
Indiana,123,38374
Indiana,130,18240
Indiana,144,10134
Indiana,158,1878
Indiana,186,17864
Indiana,207,13143
Iowa,-38,11510
Iowa,-24,15051
Iowa,-17,31873
Iowa,-10,38071
Iowa,-3,15051
Iowa,4,89078
Iowa,11,19479
Iowa,18,3587
Iowa,25,11931
Iowa,32,182565
Iowa,39,9739
Iowa,46,9739
Iowa,53,14664
Iowa,60,30824
Iowa,67,54007
Iowa,74,3072
Iowa,81,4566
Iowa,88,6460
Iowa,95,19741
Iowa,109,3160
Iowa,123,19932
Iowa,130,885
Iowa,144,3542
Iowa,151,14008
Iowa,165,2656
Iowa,186,8853
Iowa,200,1771
Kansas,-38,18487
Kansas,-31,3215
Kansas,-24,1608
Kansas,-17,7234
Kansas,-10,20899
Kansas,-3,1607
Kansas,4,133202
Kansas,11,37769
Kansas,18,42401
Kansas,25,35366
Kansas,32,79897
Kansas,39,18107
Kansas,46,9645
Kansas,53,2412
Kansas,60,6430
Kansas,67,49131
Kansas,74,15795
Kansas,81,6818
Kansas,95,13740
Kansas,109,1608
Kansas,123,12085
Kansas,151,17843
Kansas,186,804
Kentucky,-38,43949
Kentucky,-31,6278
Kentucky,-24,7534
Kentucky,-17,35159
Kentucky,-10,28880
Kentucky,-3,8790
Kentucky,4,80040
Kentucky,11,44096
Kentucky,18,17579
Kentucky,25,138324
Kentucky,32,114266
Kentucky,39,22684
Kentucky,46,16288
Kentucky,53,15187
Kentucky,60,9051
Kentucky,67,87812
Kentucky,74,10826
Kentucky,81,1256
Kentucky,95,21346
Kentucky,109,776
Kentucky,123,36379
Kentucky,137,8789
Kentucky,151,28171
Kentucky,172,7534
Kentucky,186,2834
Louisiana,-38,17803
Louisiana,-24,36878
Louisiana,-17,6358
Louisiana,-10,17803
Louisiana,-3,7630
Louisiana,4,137053
Louisiana,11,20196
Louisiana,18,55170
Louisiana,25,16793
Louisiana,32,136876
Louisiana,39,1272
Louisiana,46,49931
Louisiana,53,11357
Louisiana,67,69370
Louisiana,74,13988
Louisiana,81,11445
Louisiana,95,32878
Louisiana,109,3922
Louisiana,123,36228
Louisiana,130,2543
Louisiana,151,27414
Louisiana,179,11444
Louisiana,186,15094
Maine,-38,5673
Maine,-24,21474
Maine,-17,9725
Maine,-10,6078
Maine,-3,17018
Maine,4,26511
Maine,11,32820
Maine,18,17481
Maine,25,15300
Maine,32,41796
Maine,39,15210
Maine,46,12533
Maine,53,4355
Maine,60,9306
Maine,67,18677
Maine,74,1275
Maine,81,5480
Maine,88,2836
Maine,95,3376
Maine,102,3647
Maine,109,1609
Maine,116,3242
Maine,123,3522
Maine,130,406
Maine,137,1215
Maine,144,811
Maine,151,4285
Maine,172,1621
Maine,186,2403
Maine,207,3647
Maryland,-38,79402
Maryland,-17,3452
Maryland,-10,67319
Maryland,-3,3452
Maryland,4,282295
Maryland,11,62612
Maryland,18,83926
Maryland,25,18202
Maryland,32,373704
Maryland,39,86307
Maryland,46,42392
Maryland,53,30023
Maryland,67,34313
Maryland,74,1726
Maryland,81,3608
Maryland,88,22190
Maryland,95,56081
Maryland,102,982
Maryland,109,812
Maryland,123,51219
Maryland,137,16347
Maryland,151,30975
Maryland,165,5865
Maryland,172,5395
Maryland,186,25892
Maryland,193,9767
Massachusetts,-38,56690
Massachusetts,-31,36443
Massachusetts,-24,22271
Massachusetts,-17,34419
Massachusetts,-10,129577
Massachusetts,-3,44542
Massachusetts,4,271237
Massachusetts,11,66121
Massachusetts,18,176741
Massachusetts,25,128125
Massachusetts,32,141496
Massachusetts,39,82742
Massachusetts,46,27936
Massachusetts,53,36417
Massachusetts,60,21301
Massachusetts,67,126698
Massachusetts,74,2024
Massachusetts,81,21963
Massachusetts,88,10123
Massachusetts,95,56260
Massachusetts,102,14630
Massachusetts,109,4561
Massachusetts,116,21791
Massachusetts,123,30369
Massachusetts,130,2025
Massachusetts,151,33902
Massachusetts,158,4049
Massachusetts,179,10904
Massachusetts,186,26320
Massachusetts,193,4618
Michigan,-38,31271
Michigan,-24,125086
Michigan,-17,25585
Michigan,-10,73914
Michigan,-3,5686
Michigan,4,343189
Michigan,11,97981
Michigan,18,17057
Michigan,25,8528
Michigan,32,470686
Michigan,39,39800
Michigan,46,11371
Michigan,53,37164
Michigan,67,253242
Michigan,74,2843
Michigan,81,588
Michigan,95,127147
Michigan,102,13432
Michigan,123,99918
Michigan,151,62338
Michigan,165,19900
Minnesota,-38,41151
Minnesota,-24,31654
Minnesota,-17,17410
Minnesota,-10,99712
Minnesota,-3,49064
Minnesota,4,110368
Minnesota,11,87215
Minnesota,18,71447
Minnesota,25,49629
Minnesota,32,210335
Minnesota,39,26906
Minnesota,46,20465
Minnesota,53,49432
Minnesota,60,25324
Minnesota,67,121675
Minnesota,74,14245
Minnesota,81,25323
Minnesota,88,6331
Minnesota,95,39851
Minnesota,102,14245
Minnesota,109,3363
Minnesota,123,35393
Minnesota,137,1583
Minnesota,151,38116
Minnesota,172,3165
Minnesota,179,1583
Minnesota,186,12662
Mississippi,-38,34971
Mississippi,-24,11386
Mississippi,-17,1626
Mississippi,-10,9760
Mississippi,-3,13825
Mississippi,4,86961
Mississippi,11,17079
Mississippi,18,25224
Mississippi,25,32172
Mississippi,32,75134
Mississippi,39,9391
Mississippi,46,2440
Mississippi,53,13825
Mississippi,67,39851
Mississippi,74,20421
Mississippi,81,5692
Mississippi,102,4684
Mississippi,123,18588
Mississippi,130,7529
Mississippi,151,4880
Mississippi,179,4067
Mississippi,186,9508
Mississippi,207,8946
Missouri,-38,25821
Missouri,-31,3442
Missouri,-24,65413
Missouri,-17,3443
Missouri,-10,49920
Missouri,-3,6885
Missouri,4,215743
Missouri,11,36205
Missouri,18,129828
Missouri,25,115856
Missouri,32,110143
Missouri,39,15579
Missouri,46,6681
Missouri,53,61342
Missouri,67,126080
Missouri,81,130
Missouri,95,59334
Missouri,102,1721
Missouri,123,35503
Missouri,137,10680
Missouri,151,33882
Missouri,172,3443
Missouri,186,51641
Montana,-38,2819
Montana,-31,313
Montana,-24,7205
Montana,-17,6265
Montana,-10,4386
Montana,-3,5325
Montana,4,36779
Montana,11,11750
Montana,18,3892
Montana,25,2506
Montana,32,36171
Montana,39,9504
Montana,46,734
Montana,53,945
Montana,60,5012
Montana,67,24603
Montana,74,1880
Montana,81,2150
Montana,95,2623
Montana,102,940
Montana,109,1427
Montana,123,5953
Montana,130,313
Montana,137,314
Montana,151,3993
Montana,179,627
Montana,186,3559
Montana,193,313
Nebraska,-38,7998
Nebraska,-31,2133
Nebraska,-24,22929
Nebraska,-17,3732
Nebraska,-10,14931
Nebraska,-3,8531
Nebraska,4,42848
Nebraska,11,36386
Nebraska,18,36703
Nebraska,25,19196
Nebraska,32,76507
Nebraska,39,21107
Nebraska,46,18423
Nebraska,53,28839
Nebraska,74,1067
Nebraska,81,4266
Nebraska,88,3786
Nebraska,95,11785
Nebraska,102,2133
Nebraska,109,533
Nebraska,123,10054
Nebraska,130,534
Nebraska,151,11231
Nebraska,158,2513
Nebraska,186,2483
Nevada,-38,21152
Nevada,-24,28202
Nevada,-17,7932
Nevada,-10,20271
Nevada,4,103482
Nevada,11,12783
Nevada,18,31737
Nevada,25,13219
Nevada,32,89249
Nevada,39,7051
Nevada,46,7911
Nevada,53,4505
Nevada,60,5648
Nevada,67,54637
Nevada,74,4407
Nevada,81,5000
Nevada,95,19078
Nevada,109,2801
Nevada,123,14102
Nevada,130,4406
Nevada,137,6169
Nevada,151,11828
Nevada,172,1763
Nevada,186,4807
Nevada,193,5921
Nevada,200,1763
New Hampshire,-38,8550
New Hampshire,-31,2035
New Hampshire,-24,7736
New Hampshire,-17,8957
New Hampshire,-10,15471
New Hampshire,-3,15064
New Hampshire,4,33734
New Hampshire,11,32251
New Hampshire,18,22737
New Hampshire,25,22800
New Hampshire,32,27649
New Hampshire,39,7555
New Hampshire,46,6419
New Hampshire,53,6072
New Hampshire,60,4071
New Hampshire,67,28304
New Hampshire,74,1124
New Hampshire,81,3257
New Hampshire,88,2035
New Hampshire,95,9730
New Hampshire,102,3257
New Hampshire,109,705
New Hampshire,116,814
New Hampshire,123,8206
New Hampshire,130,1629
New Hampshire,137,407
New Hampshire,144,407
New Hampshire,151,3395
New Hampshire,158,417
New Hampshire,165,407
New Hampshire,172,102
New Hampshire,179,407
New Hampshire,186,7328
New Hampshire,200,773
New Jersey,-38,36468
New Jersey,-31,36468
New Jersey,-24,49492
New Jersey,-17,91170
New Jersey,-10,44282
New Jersey,-3,49492
New Jersey,4,393039
New Jersey,11,83528
New Jersey,18,186355
New Jersey,25,122165
New Jersey,32,182662
New Jersey,39,44636
New Jersey,46,32762
New Jersey,53,32749
New Jersey,60,51382
New Jersey,67,169159
New Jersey,74,12833
New Jersey,81,17703
New Jersey,95,83113
New Jersey,102,23444
New Jersey,109,4503
New Jersey,116,32320
New Jersey,123,13025
New Jersey,137,2604
New Jersey,151,50304
New Jersey,158,5565
New Jersey,186,53438
New Jersey,200,2604
New Mexico,-38,17800
New Mexico,-31,10680
New Mexico,-24,3560
New Mexico,-17,10680
New Mexico,-10,5340
New Mexico,-3,8307
New Mexico,4,78697
New Mexico,11,22612
New Mexico,18,26705
New Mexico,25,13647
New Mexico,32,52155
New Mexico,39,3560
New Mexico,46,1402
New Mexico,53,221
New Mexico,67,79088
New Mexico,74,1186
New Mexico,81,7714
New Mexico,95,7170
New Mexico,102,5389
New Mexico,109,593
New Mexico,116,1780
New Mexico,123,14364
New Mexico,137,1780
New Mexico,151,14442
New Mexico,186,11132
New Mexico,193,1555
New York,-38,79446
New York,-31,22699
New York,-24,136192
New York,-17,85121
New York,-10,79445
New York,-3,85121
New York,4,732794
New York,11,214068
New York,18,226988
New York,25,193143
New York,32,734348
New York,39,131609
New York,46,150425
New York,53,68041
New York,60,126733
New York,67,301441
New York,74,5675
New York,81,45398
New York,88,78237
New York,95,147754
New York,102,23318
New York,109,18333
New York,116,39928
New York,123,66365
New York,130,5675
New York,137,21775
New York,151,102528
New York,158,51072
New York,186,38986
North Carolina,-38,92199
North Carolina,-31,2974
North Carolina,-17,110043
North Carolina,-10,35690
North Carolina,-3,23793
North Carolina,4,504734
North Carolina,11,166552
North Carolina,18,5708
North Carolina,25,200102
North Carolina,32,169839
North Carolina,39,1253
North Carolina,46,38
North Carolina,53,5574
North Carolina,67,364999
North Carolina,74,38505
North Carolina,95,29742
North Carolina,102,8323
North Carolina,109,5948
North Carolina,116,35690
North Carolina,123,14186
North Carolina,130,5948
North Carolina,137,12112
North Carolina,151,63476
North Carolina,172,17845
North Carolina,186,61525
North Dakota,-38,3853
North Dakota,-31,856
North Dakota,-24,1070
North Dakota,-17,7920
North Dakota,-10,7491
North Dakota,-3,2355
North Dakota,4,19257
North Dakota,11,13494
North Dakota,18,24186
North Dakota,25,4067
North Dakota,32,12833
North Dakota,39,5137
North Dakota,46,5137
North Dakota,67,13127
North Dakota,74,428
North Dakota,81,124
North Dakota,95,8889
North Dakota,102,856
North Dakota,109,619
North Dakota,116,1070
North Dakota,123,1167
North Dakota,130,605
North Dakota,151,2140
North Dakota,165,106
North Dakota,186,189
Ohio,-38,92432
Ohio,-24,9904
Ohio,-17,36312
Ohio,-10,52819
Ohio,-3,141949
Ohio,4,239392
Ohio,11,23280
Ohio,18,132340
Ohio,25,142487
Ohio,32,539246
Ohio,39,17380
Ohio,46,776
Ohio,53,175482
Ohio,67,204428
Ohio,74,3302
Ohio,95,131419
Ohio,102,72178
Ohio,123,44625
Ohio,130,13098
Ohio,137,15436
Ohio,151,70941
Ohio,186,128745
Oklahoma,-38,8732
Oklahoma,-24,25104
Oklahoma,-17,12006
Oklahoma,-10,14189
Oklahoma,-3,32744
Oklahoma,4,92681
Oklahoma,11,53112
Oklahoma,18,55996
Oklahoma,25,26196
Oklahoma,32,88253
Oklahoma,39,34750
Oklahoma,53,25304
Oklahoma,60,7640
Oklahoma,67,48139
Oklahoma,74,14641
Oklahoma,81,14246
Oklahoma,95,9823
Oklahoma,102,7640
Oklahoma,109,9191
Oklahoma,123,16592
Oklahoma,130,2183
Oklahoma,137,1744
Oklahoma,144,6549
Oklahoma,151,14118
Oklahoma,158,3275
Oklahoma,165,319
Oklahoma,186,11367
Oklahoma,200,5457
Oregon,-38,19483
Oregon,-31,3653
Oregon,-24,17047
Oregon,-17,23136
Oregon,-10,25571
Oregon,-3,54795
Oregon,4,187242
Oregon,11,63108
Oregon,18,43423
Oregon,25,32877
Oregon,32,53635
Oregon,39,50015
Oregon,46,21918
Oregon,60,20750
Oregon,67,63319
Oregon,74,3199
Oregon,81,8951
Oregon,88,1217
Oregon,95,19600
Oregon,102,4534
Oregon,123,27332
Oregon,137,363
Oregon,151,28427
Oregon,165,1218
Oregon,179,4871
Oregon,186,4184
Oregon,200,2435
Pennsylvania,-38,115090
Pennsylvania,-31,14850
Pennsylvania,-17,48264
Pennsylvania,-10,159640
Pennsylvania,-3,74252
Pennsylvania,4,436637
Pennsylvania,11,178675
Pennsylvania,18,219531
Pennsylvania,25,157935
Pennsylvania,32,360186
Pennsylvania,39,59771
Pennsylvania,46,70979
Pennsylvania,53,77380
Pennsylvania,60,35334
Pennsylvania,67,214369
Pennsylvania,74,48930
Pennsylvania,81,55395
Pennsylvania,95,66129
Pennsylvania,102,14851
Pennsylvania,109,18854
Pennsylvania,123,74786
Pennsylvania,130,7781
Pennsylvania,137,216
Pennsylvania,144,3713
Pennsylvania,151,59655
Pennsylvania,158,7581
Pennsylvania,186,18563
Pennsylvania,200,3712
Rhode Island,-38,5747
Rhode Island,-24,5428
Rhode Island,-3,28416
Rhode Island,4,54858
Rhode Island,11,9247
Rhode Island,18,18291
Rhode Island,25,6685
Rhode Island,32,35458
Rhode Island,39,4789
Rhode Island,46,13410
Rhode Island,53,9259
Rhode Island,60,4470
Rhode Island,67,20311
Rhode Island,74,1277
Rhode Island,81,3831
Rhode Island,95,7217
Rhode Island,102,545
Rhode Island,109,4150
Rhode Island,123,8388
Rhode Island,130,1277
Rhode Island,137,1651
Rhode Island,144,1916
Rhode Island,151,3193
Rhode Island,158,1916
Rhode Island,165,301
Rhode Island,186,1788
South Carolina,-38,45597
South Carolina,-31,4412
South Carolina,-24,47068
South Carolina,-17,44125
South Carolina,-10,26476
South Carolina,4,104812
South Carolina,11,51480
South Carolina,18,74959
South Carolina,25,44368
South Carolina,32,125916
South Carolina,39,44391
South Carolina,46,61128
South Carolina,53,4615
South Carolina,60,9819
South Carolina,67,43496
South Carolina,74,286
South Carolina,81,406
South Carolina,88,1471
South Carolina,95,35306
South Carolina,102,2941
South Carolina,123,47249
South Carolina,130,17650
South Carolina,144,2325
South Carolina,151,20566
South Carolina,158,1471
South Carolina,165,3115
South Carolina,179,2942
South Carolina,186,3030
South Dakota,-38,1957
South Dakota,-24,6603
South Dakota,-17,1712
South Dakota,-10,4402
South Dakota,-3,4647
South Dakota,4,18528
South Dakota,11,11112
South Dakota,18,20270
South Dakota,25,9783
South Dakota,32,29784
South Dakota,39,6832
South Dakota,46,4049
South Dakota,53,1410
South Dakota,60,1712
South Dakota,67,26847
South Dakota,74,2465
South Dakota,81,489
South Dakota,95,5000
South Dakota,102,1069
South Dakota,123,5993
South Dakota,137,3180
South Dakota,151,2219
South Dakota,158,180
South Dakota,172,489
South Dakota,179,978
South Dakota,186,245
South Dakota,193,1956
Tennessee,-38,27358
Tennessee,-24,62531
Tennessee,-17,9770
Tennessee,-10,17587
Tennessee,4,249957
Tennessee,11,19541
Tennessee,18,65560
Tennessee,25,189008
Tennessee,32,149422
Tennessee,39,31358
Tennessee,46,6154
Tennessee,53,5899
Tennessee,60,99660
Tennessee,67,58160
Tennessee,74,8990
Tennessee,95,41273
Tennessee,109,3908
Tennessee,123,42216
Tennessee,151,37723
Tennessee,186,29743
Texas,-38,199420
Texas,-31,71792
Texas,-24,255258
Texas,-17,143582
Texas,-10,175490
Texas,-3,167513
Texas,4,902814
Texas,11,316631
Texas,18,254724
Texas,25,366689
Texas,32,590206
Texas,39,145827
Texas,46,100473
Texas,53,217894
Texas,60,7976
Texas,67,357691
Texas,74,75680
Texas,81,31907
Texas,88,191443
Texas,95,90216
Texas,102,1129
Texas,109,127946
Texas,116,18848
Texas,123,111433
Texas,130,7977
Texas,137,74008
Texas,151,138443
Texas,158,8685
Texas,186,122261
Texas,200,8965
Texas,207,4316
Utah,-38,2578
Utah,-31,22343
Utah,4,180265
Utah,11,24921
Utah,18,69847
Utah,32,114012
Utah,46,75622
Utah,60,29634
Utah,67,1719
Utah,74,8538
Utah,81,1719
Utah,95,36383
Utah,123,23145
Utah,151,28798
Utah,186,1581
Vermont,-38,3992
Vermont,-24,3993
Vermont,-17,3612
Vermont,-10,11596
Vermont,-3,3992
Vermont,4,15927
Vermont,11,11410
Vermont,18,14374
Vermont,25,25432
Vermont,32,3604
Vermont,39,5478
Vermont,46,5302
Vermont,53,1655
Vermont,67,18367
Vermont,74,6
Vermont,81,6
Vermont,95,11444
Vermont,109,761
Vermont,123,1704
Vermont,130,534
Vermont,137,1140
Vermont,151,3330
Vermont,172,380
Vermont,186,2049
Virginia,-38,46262
Virginia,-31,4870
Virginia,-24,73046
Virginia,-17,85220
Virginia,-10,58437
Virginia,-3,143657
Virginia,4,300790
Virginia,11,96263
Virginia,18,126613
Virginia,25,74106
Virginia,32,203502
Virginia,39,56002
Virginia,46,76290
Virginia,53,14763
Virginia,67,147621
Virginia,74,31653
Virginia,81,7415
Virginia,95,44563
Virginia,102,7305
Virginia,109,17044
Virginia,116,4869
Virginia,123,58764
Virginia,137,26783
Virginia,151,10329
Virginia,172,6254
Virginia,186,12175
Washington,-38,37118
Washington,-24,19651
Washington,-17,26201
Washington,-10,85154
Washington,-3,41485
Washington,4,230884
Washington,11,58694
Washington,18,128892
Washington,25,5481
Washington,32,292044
Washington,39,9702
Washington,46,1370
Washington,53,27179
Washington,60,121834
Washington,67,169114
Washington,74,9175
Washington,81,7623
Washington,95,96701
Washington,109,21955
Washington,123,62531
Washington,130,22056
Washington,137,4792
Washington,144,17468
Washington,151,36164
Washington,158,9804
Washington,172,8733
Washington,186,57827
Washington,200,797
West Virginia,-38,6669
West Virginia,-24,7696
West Virginia,-17,10260
West Virginia,-10,12825
West Virginia,-3,15904
West Virginia,4,38641
West Virginia,11,28474
West Virginia,18,36698
West Virginia,25,10261
West Virginia,32,40610
West Virginia,39,7695
West Virginia,46,9788
West Virginia,53,7967
West Virginia,60,3079
West Virginia,67,27098
West Virginia,74,5130
West Virginia,95,4384
West Virginia,102,6670
West Virginia,109,3162
West Virginia,123,2090
West Virginia,130,1666
West Virginia,137,4289
West Virginia,144,513
West Virginia,151,3409
West Virginia,165,1026
West Virginia,186,513
West Virginia,193,1026
Wisconsin,-38,49871
Wisconsin,-31,1663
Wisconsin,-24,14961
Wisconsin,-17,34910
Wisconsin,-10,29923
Wisconsin,-3,16624
Wisconsin,4,225398
Wisconsin,11,86003
Wisconsin,18,111446
Wisconsin,25,94755
Wisconsin,32,79194
Wisconsin,39,47900
Wisconsin,53,16623
Wisconsin,67,138973
Wisconsin,74,14610
Wisconsin,81,10136
Wisconsin,95,47968
Wisconsin,109,11637
Wisconsin,123,32752
Wisconsin,130,11636
Wisconsin,151,17382
Wisconsin,172,5472
Wisconsin,186,8312
Wyoming,-38,3543
Wyoming,-17,2255
Wyoming,-10,645
Wyoming,-3,2093
Wyoming,4,19467
Wyoming,11,3543
Wyoming,18,9077
Wyoming,25,7032
Wyoming,32,11312
Wyoming,39,2416
Wyoming,46,1127
Wyoming,53,3866
Wyoming,67,7761
Wyoming,74,962
Wyoming,81,645
Wyoming,95,780
Wyoming,102,942
Wyoming,116,277
Wyoming,123,1450
Wyoming,130,161
Wyoming,137,499
Wyoming,151,1758
Wyoming,158,78
Wyoming,186,1835
Wyoming,193,805
Wyoming,200,161
